semilla,costo,tiempo_segundos
1,614720,136.83
2,916120,138.97
3,815904,137.08
4,817500,139.69
5,1917340,138.67
6,1215620,135.5
7,17120,133.19
8,916990,133.59
9,815020,136.13
10,2516150,133.23
11,916020,134.51
12,1016720,135.29
13,117093,134.89
14,1714305,133.22
15,615620,135.74
16,16820,132.96
17,2414795,136.32
18,817305,134.31
19,2315060,132.79
20,16920,134.63
21,16620,134.76
22,1915830,135.31
23,2215600,132.89
24,15820,136.56
25,2715130,111.43
26,16520,108.65
27,16220,109.32
28,2116450,89.36
29,17020,90.56
30,15920,105.04
TOTAL,,3861.42
